{"values": {"a1": 0.1475, "a2": 0.195, "theta1": 0.8726646259971648, "theta2": -1.2217304763960306, "pep": 2, "d3": 0.1}}